{"cameraMode":{"drawMode":0,"name":"Shaded","section":"Shading Mode"},"sceneLighting":true,"audioPlay":false,"sceneViewState":{"m_AlwaysRefresh":false,"showFog":true,"showSkybox":true,"showFlares":true,"showImageEffects":true,"showParticleSystems":true,"showVisualEffectGraphs":true,"m_FxEnabled":false},"in2DMode":false,"pivot":{"x":-148.65550231933595,"y":-127.25318145751953,"z":-48.401405334472659},"rotation":{"x":-0.4254540503025055,"y":-0.034739911556243899,"z":0.01634601503610611,"w":-0.9041681289672852},"size":153.63998413085938,"orthographic":false}