{"cameraMode":{"drawMode":0,"name":"Shaded","section":"Shading Mode"},"sceneLighting":true,"audioPlay":false,"sceneViewState":{"m_AlwaysRefresh":false,"showFog":true,"showSkybox":true,"showFlares":true,"showImageEffects":true,"showParticleSystems":true,"showVisualEffectGraphs":true,"m_FxEnabled":false},"in2DMode":false,"pivot":{"x":8.433758735656739,"y":-42.521507263183597,"z":42.23088073730469},"rotation":{"x":-0.4254540503025055,"y":-0.034739911556243899,"z":0.01634601503610611,"w":-0.9041681289672852},"size":120.32579040527344,"orthographic":false}