{"cameraMode":{"drawMode":0,"name":"Shaded","section":"Shading Mode"},"sceneLighting":true,"audioPlay":false,"sceneViewState":{"m_AlwaysRefresh":false,"showFog":true,"showSkybox":true,"showFlares":true,"showImageEffects":true,"showParticleSystems":true,"showVisualEffectGraphs":true,"m_FxEnabled":false},"in2DMode":false,"pivot":{"x":16.079635620117189,"y":17.633846282958986,"z":45.047245025634769},"rotation":{"x":-0.20003312826156617,"y":0.38377195596694949,"z":-0.08554108440876007,"w":-0.8974364995956421},"size":91.52931213378906,"orthographic":false}